Customer_Id,Company_Ticker,Amount
0,DE,672
0,ALB,4469
0,ADI,1935
0,TTWO,3536
0,CEG,538
0,MKTX,2307
0,SYF,2086
0,CAH,3568
0,BX,1734
0,CBOE,2744
0,CPRT,4081
0,CI,4233
0,WEC,3208
0,CAT,2987
0,VMC,1270
0,PPG,2867
0,ORCL,2335
0,IR,3795
0,ALLE,1571
0,MSCI,4296
0,GPC,840
0,STT,1919
0,ISRG,3140
0,CPAY,3248
0,FDX,4971
0,BWA,4298
1,DLR,629
1,LRCX,631
1,DXCM,1321
1,A,1681
1,TSCO,3484
1,CCL,4492
1,GD,3055
1,OKE,3158
1,GRMN,1450
1,AMGN,4778
1,MCO,3327
1,NEM,2908
1,STE,2381
1,MLM,4228
1,CINF,3065
1,MTCH,763
1,JBHT,1118
1,CPT,2233
1,HRL,668
1,LKQ,1286
1,NEE,1467
1,APTV,842
1,INTC,3973
1,CHRW,800
1,IFF,1890
1,ANSS,4386
1,CNC,4428
2,IVZ,1571
2,HSY,717
2,AMGN,3990
2,PCAR,4239
2,ADM,3798
2,DLR,4735
2,EXPD,3934
2,TMUS,3273
2,SO,1940
2,HIG,4438
2,NVDA,4279
2,VMC,2646
2,LNT,3264
2,CARR,1475
2,PRU,3502
2,UNP,2500
2,CL,4233
2,OXY,642
2,DE,922
2,RHI,1942
2,DFS,2183
2,JNPR,4202
2,WMT,1867
2,AEE,4996
2,CRL,832
2,LUV,1911
2,SJM,4550
3,MO,1570
3,LULU,3207
3,WAT,2171
3,INTU,2253
3,TROW,2399
3,ECL,3771
3,SMCI,4340
3,SWK,2812
3,MPWR,1647
3,SJM,1649
3,MSCI,1325
3,HST,3029
3,FRT,1175
3,TECH,1299
3,PYPL,4632
3,CMA,3356
3,KMB,2372
3,TMUS,3390
3,MTCH,4293
3,AZO,1964
3,AVY,3158
3,DOV,2722
3,DD,3994
3,IEX,2753
3,CDW,4685
4,DLTR,2994
4,MMM,3414
4,AEP,1349
4,VMC,2721
4,OMC,3783
4,PYPL,1443
4,NVR,2598
4,CFG,1736
4,LW,4321
4,LMT,2532
4,LHX,804
4,INTC,3794
4,CAG,1527
4,FAST,2597
4,BRK-B,1116
4,NWS,1701
4,GEHC,3077
4,PKG,3930
4,HPQ,3475
4,CPB,4936
4,NWSA,1782
4,BEN,1426
4,TRGP,3477
4,RVTY,4230
4,TPR,1347
4,ECL,4425
4,MET,4506
5,XOM,1160
5,EL,4346
5,NEE,1444
5,PNC,1375
5,GD,1641
5,EG,3027
5,AMAT,3116
5,EMN,1301
5,CE,2555
5,EVRG,869
5,WMT,650
5,MOH,1915
5,WBA,2815
5,REGN,1065
5,HBAN,652
5,ALL,1273
5,FCX,4072
5,SYF,4625
5,BKNG,1759
5,DFS,4979
5,WELL,1587
5,PANW,2716
5,K,2770
5,JCI,3881
6,MCHP,4235
6,WYNN,1337
6,LHX,2272
6,HPQ,1211
6,ANET,3737
6,MHK,3001
6,SWK,1338
6,TEL,4480
6,CNC,3365
6,CDW,4400
6,TSCO,913
6,FFIV,4151
6,PRU,3775
6,TT,3164
6,QRVO,807
6,JBL,2849
6,ACN,4534
6,J,3548
6,PPG,1080
6,AAL,1760
6,FRT,2350
6,TFC,3742
6,AMCR,2875
7,FDS,2713
7,SLB,2027
7,PWR,1239
7,TT,3721
7,WAT,1771
7,LOW,2061
7,ALL,2699
7,PHM,3204
7,INCY,4597
7,AMGN,3797
7,EQR,1388
7,MU,1838
7,ADSK,4151
7,HPQ,1091
7,URI,2388
7,MNST,4707
7,OTIS,4971
7,TRGP,3759
7,NVDA,697
7,ICE,1742
7,NOW,2611
7,ACN,4050
7,INVH,1728
7,CAH,4498
7,CPRT,4007
7,ISRG,4385
8,EFX,3426
8,IP,2869
8,WELL,2329
8,FAST,535
8,APH,1370
8,MTCH,849
8,MU,1850
8,NOC,2108
8,REGN,716
8,EQR,3933
8,BAC,1752
8,KMI,4891
8,CFG,2586
8,BMY,962
8,TEL,637
8,AKAM,3896
8,MET,2454
8,EG,777
8,WDC,545
8,ABBV,1714
8,LYB,1634
8,VICI,3703
8,SPGI,1324
9,MAS,2024
9,CMI,1865
9,BA,4455
9,AWK,2978
9,EW,3343
9,STZ,2243
9,LUV,3996
9,ATO,1293
9,NKE,4190
9,FOX,2699
9,AKAM,3304
9,HII,3113
9,KIM,4097
9,MTD,3457
9,CPB,3659
9,INTC,3612
9,TER,1439
9,UPS,1418
9,FTNT,877
9,MDLZ,3110
9,BLK,1476
9,VRTX,3179
10,RJF,574
10,PRU,2671
10,TSLA,3074
10,MCD,1898
10,PM,3528
10,GWW,4068
10,ETN,2742
10,FIS,2631
10,REGN,3741
10,JNJ,3076
10,ARE,1078
10,EW,2798
10,FMC,4002
10,WTW,1406
10,PEG,4674
10,AFL,595
10,UBER,657
10,HES,3512
10,EBAY,581
10,A,4407
10,STE,4688
10,AMT,959
11,TROW,1595
11,PARA,2075
11,ROP,4838
11,DLTR,1413
11,MTB,4668
11,DG,3692
11,CARR,1815
11,TFX,2696
11,SLB,3893
11,MPWR,3152
11,RL,4429
11,JBL,4990
11,BAC,2898
11,WM,4657
11,COR,930
11,CI,2629
11,MS,4199
11,UNP,4867
11,NKE,539
11,CNC,4682
11,ODFL,4732
11,CRM,2565
11,GD,3992
11,GWW,1151
11,BAX,3551
11,FI,4634
11,REGN,3240
12,TFC,1906
12,STZ,3990
12,BA,1018
12,AMD,1911
12,MOS,2231
12,EVRG,3589
12,CLX,1224
12,ZBH,1962
12,JCI,974
12,ELV,1651
12,AXON,3347
12,ABT,2633
12,CRL,761
12,CMS,2656
12,FE,4593
12,ARE,1662
12,TYL,4634
12,FANG,1754
12,FTNT,2095
12,SBAC,4091
12,ALLE,4183
12,MKTX,3952
12,BIO,2549
13,EXR,4271
13,NXPI,2160
13,LNT,3608
13,TMO,2355
13,SJM,4923
13,WY,2382
13,ZBRA,990
13,EL,2141
13,MMM,1828
13,TPR,3968
13,AMT,4049
13,T,3086
13,IFF,2213
13,COR,3721
13,CTLT,2145
13,PFE,3395
13,TDG,866
13,HAS,3940
13,ENPH,2946
13,TJX,4971
13,WBD,3262
13,ED,2691
13,CHTR,4585
13,ETR,2552
13,CTRA,1988
13,EMR,4128
13,CMI,2401
13,CBOE,1904
13,WMT,3763
14,EL,4666
14,CBRE,2793
14,XYL,1276
14,SNA,1514
14,EBAY,3702
14,ORCL,4813
14,SCHW,3068
14,CPRT,1503
14,KHC,4604
14,SOLV,4564
14,ARE,2156
14,ANET,884
14,ADP,3407
14,C,3395
14,GM,3637
14,NRG,1015
14,GPN,3129
14,CPAY,3143
14,DLTR,1701
14,XEL,2788
14,JKHY,2786
14,INTU,3604
15,IFF,3574
15,SWK,4882
15,VST,4993
15,ZTS,3505
15,CI,3453
15,HCA,4837
15,C,2647
15,F,958
15,OTIS,4072
15,PTC,3343
15,PEP,4585
15,PODD,3547
15,LUV,4991
15,FOXA,2895
15,GEN,1473
15,OXY,3580
15,NEE,1930
15,REG,2476
15,CPB,3266
15,BBY,2935
15,AXP,1491
15,ACGL,1566
15,NWSA,4118
15,MLM,4198
16,KMB,3900
16,ALGN,950
16,MPWR,1818
16,NSC,1063
16,SO,1150
16,OTIS,2443
16,POOL,713
16,EQR,2946
16,MSI,1709
16,CPB,1110
16,NUE,1229
16,OXY,1438
16,CAG,2916
16,DOW,3205
16,PNR,4461
16,HBAN,1680
16,BRO,2837
16,LMT,4981
16,TEL,1997
16,MDT,3214
16,ANET,2510
16,IFF,639
16,EW,2524
16,AVGO,2377
17,HCA,4047
17,XYL,4827
17,LKQ,3892
17,TMO,4051
17,PNW,1901
17,ROL,2581
17,MOH,4272
17,ETR,2185
17,CEG,4002
17,AXON,1180
17,AIG,1319
17,EXPD,1834
17,TEL,3421
17,KIM,999
17,MPWR,2430
17,HAL,3000
17,ECL,2666
17,DOV,1703
17,CAT,4571
17,WY,2275
17,CMA,2212
17,ZTS,3306
17,EA,2283
17,ADM,4113
17,BDX,1941
17,DAY,3103
17,TRV,1080
17,AMGN,2389
17,CAH,677
18,IDXX,4416
18,ROL,4114
18,PFG,1303
18,ORCL,4413
18,KMI,2090
18,GOOG,2257
18,AEE,835
18,MRNA,2593
18,PKG,4945
18,URI,1274
18,PGR,662
18,AVY,2483
18,NRG,4153
18,NOC,4976
18,SO,1408
18,APH,2361
18,BKR,2514
18,TDY,1469
18,ROK,4303
18,INCY,1766
18,WYNN,4671
18,INVH,1733
18,TT,558
18,DVN,1634
18,BBWI,3830
18,VLO,1605
18,FAST,2559
18,AME,675
18,DVA,1559
19,WM,4150
19,UNH,2545
19,MMM,1037
19,BK,2941
19,CE,4035
19,ETN,1718
19,ECL,1605
19,CVX,2103
19,JNJ,4548
19,MSFT,2216
19,WBD,955
19,DGX,1472
19,EOG,2723
19,SMCI,728
19,CTVA,1403
19,AOS,2175
19,EXC,684
19,FITB,4743
19,CME,4775
19,MA,982
19,HBAN,2552
19,BXP,577
19,BKNG,1466
19,GD,1195
19,OKE,2113
19,CNC,2765
20,ETN,1427
20,COST,1433
20,HUBB,4748
20,UPS,4550
20,AMD,3980
20,TSLA,2060
20,GS,2594
20,KIM,2317
20,CTRA,2550
20,WYNN,4506
20,BAC,2685
20,AOS,3906
20,INTU,2039
20,COF,1939
20,SRE,4589
20,KMI,847
20,CMI,4117
20,AVY,1270
20,JBHT,4798
20,HSIC,1572
20,CBOE,1020
20,CMA,2039
20,PARA,3475
20,HAS,4132
20,UAL,4977
20,OXY,3813
20,LW,3724
20,META,1353
20,HUM,3644
20,CHD,692
21,BWA,4615
21,BIO,1499
21,RSG,2260
21,KMX,1311
21,PSX,3789
21,SRE,3624
21,ALL,1509
21,NXPI,3786
21,MMC,1854
21,ADI,1260
21,SLB,3456
21,EQR,3701
21,CPRT,1464
21,MTCH,3000
21,UHS,823
21,ABT,1292
21,MSI,4471
21,ATO,2229
21,EQIX,2624
21,KMI,2100
21,CDNS,4508
22,ROST,2668
22,TRV,2419
22,ADM,1782
22,DHR,1129
22,GRMN,1936
22,MRNA,2100
22,JCI,4678
22,CZR,4269
22,BLDR,2478
22,ANSS,905
22,WM,1853
22,HAS,3398
22,BKNG,1252
22,DHI,1004
22,MDT,4513
22,EFX,1340
22,CE,796
22,LMT,2227
22,NVDA,4418
22,IEX,757
22,MSI,3428
23,HLT,1586
23,FOX,3923
23,GIS,2143
23,ETR,584
23,JKHY,1307
23,PARA,4915
23,ALGN,4685
23,HRL,595
23,MCK,3701
23,KVUE,4147
23,HBAN,1439
23,CNP,3924
23,BK,3502
23,LLY,3506
23,NRG,4759
23,BWA,3452
23,ELV,1289
23,NUE,2487
23,LKQ,1939
23,ALLE,1766
23,SPGI,2817
24,CNP,2972
24,CEG,2050
24,AXP,1683
24,WFC,4382
24,UHS,3934
24,FRT,2246
24,NWSA,3620
24,DE,4601
24,CME,657
24,ZTS,2500
24,D,775
24,FITB,858
24,MS,4342
24,PTC,1306
24,ALL,2571
24,AME,967
24,LRCX,874
24,HBAN,3028
24,CFG,4970
24,VLTO,784
24,PSX,3966
24,BKNG,1477
24,CPAY,3016
24,AMAT,4771
24,HST,2188
24,GL,4135
24,LVS,2485
24,CVX,2032
24,RVTY,4371
25,QCOM,1864
25,GS,1825
25,ADM,1072
25,TGT,787
25,HAL,1056
25,VICI,1092
25,PWR,3716
25,HBAN,4559
25,CME,2246
25,EIX,1515
25,SYF,1003
25,ABNB,565
25,FDX,1475
25,EQT,4603
25,CRM,3468
25,DXCM,880
25,APTV,1938
25,BIIB,4915
25,NWSA,538
25,EXR,1732
25,ON,3260
26,CPRT,1019
26,FMC,4345
26,BEN,2131
26,ZBH,4533
26,VZ,3751
26,TRGP,1727
26,MS,3345
26,LKQ,4196
26,ESS,3790
26,AVGO,2267
26,HSIC,3773
26,UDR,1727
26,DAL,2073
26,MMM,1602
26,NTAP,2447
26,CF,978
26,UPS,3954
26,CHTR,4330
26,NVR,2895
26,BX,3343
26,MPC,2714
26,PANW,2827
26,NVDA,3663
27,MRNA,964
27,SLB,2121
27,LNT,596
27,LW,2741
27,EBAY,4955
27,CPT,3041
27,ORCL,1177
27,PNC,3919
27,EXPD,1584
27,HST,1482
27,GEV,3668
27,BRO,664
27,BAC,2836
27,WFC,4115
27,DVA,1338
27,GE,1049
27,MTD,3935
27,DLTR,3749
27,APA,1861
27,ABBV,4124
27,JKHY,1438
27,NEM,2672
27,SYF,1848
27,NOW,4399
27,INTC,4660
27,LH,4103
27,TFC,4381
28,AXP,4336
28,GRMN,4852
28,PNW,3837
28,LUV,1061
28,TSN,4108
28,STE,3435
28,GEV,782
28,CTVA,1309
28,OKE,692
28,ROST,632
28,CNP,1976
28,NOW,1601
28,CBOE,2219
28,OXY,4936
28,EQIX,4435
28,TER,911
28,STT,1188
28,COR,1842
28,MO,4555
28,SWKS,4264
28,DVA,554
28,PPG,2932
28,AME,1678
28,DGX,767
29,STLD,2416
29,VTRS,3026
29,FFIV,4984
29,PCG,2524
29,CMG,3030
29,GOOG,947
29,IR,3904
29,IRM,3264
29,BXP,2485
29,HCA,2938
29,COP,2175
29,BAX,3052
29,AKAM,2432
29,SRE,3283
29,PANW,3223
29,RVTY,904
29,FAST,789
29,VLTO,693
29,D,1386
29,LHX,4101
29,TDY,1742
29,JNJ,1998
29,DOC,2503
30,MRO,2395
30,HPQ,1139
30,HUM,803
30,SO,4057
30,CNC,1074
30,MTB,4891
30,VICI,3562
30,IQV,3689
30,FOX,565
30,PTC,2720
30,CF,2006
30,BEN,1475
30,VLTO,3023
30,EFX,3518
30,RTX,4095
30,TSN,1520
30,SJM,770
30,BF-B,542
30,TFX,951
30,DVA,4679
30,MSCI,3517
30,HLT,1791
30,AWK,4787
30,RVTY,3844
30,URI,3674
30,QCOM,2847
31,RJF,2308
31,GOOGL,1896
31,WAT,3588
31,MAA,3525
31,FRT,3220
31,NRG,1796
31,SYK,654
31,ADI,629
31,CBOE,1190
31,MSFT,1732
31,ACN,2772
31,MNST,3554
31,FOXA,1683
31,BKNG,2115
31,VRSN,4917
31,OMC,1551
31,LDOS,2214
31,MAS,3789
31,ARE,3908
31,TFX,813
31,STT,1009
31,SBAC,4455
31,AMT,3251
31,LUV,3144
31,BXP,4990
31,PM,991
31,FDS,3119
31,YUM,4253
31,LH,4084
31,HOLX,3620
32,MA,1386
32,KR,2521
32,TPR,829
32,SPGI,4992
32,DUK,1998
32,HII,2291
32,WELL,1329
32,EOG,3116
32,SHW,1303
32,ADI,1785
32,EMN,2755
32,RVTY,1913
32,STT,1646
32,K,4924
32,WMT,2943
32,BXP,3781
32,INTC,2381
32,FSLR,1626
32,PCG,3325
32,NRG,4256
32,ISRG,3866
32,PFG,1186
32,FE,4108
32,MKTX,3386
32,HUBB,2603
33,COP,997
33,SYF,1588
33,GPC,2932
33,NDSN,2303
33,HIG,2886
33,PLD,3940
33,GIS,3325
33,WRB,1790
33,ABT,1107
33,CPRT,1901
33,MAR,3744
33,CEG,1021
33,HSIC,4261
33,FAST,1472
33,MPWR,2358
33,ISRG,2494
33,DIS,1716
33,SPGI,2495
33,SRE,1318
33,CRM,3991
33,EQR,1972
33,IR,4119
33,CTSH,2337
33,RMD,4056
33,GLW,1753
33,NRG,1846
33,CRL,2057
33,CNC,584
34,DVN,1217
34,J,4531
34,PRU,3607
34,CCI,880
34,ROK,1685
34,FICO,4322
34,VTRS,4341
34,AIZ,3389
34,HSY,3144
34,NKE,706
34,CTVA,3541
34,AON,2776
34,NWS,3914
34,NVDA,3831
34,PANW,1508
34,ACN,4058
34,PPG,558
34,REG,3289
34,APH,897
34,LYB,2894
34,LYV,2258
34,LLY,1063
34,LUV,2677
34,FOXA,2007
34,TMUS,4926
34,EXPE,2006
34,CINF,3602
34,AME,1133
34,COF,2528
35,OTIS,1139
35,MNST,4114
35,SJM,2940
35,LKQ,3938
35,CPB,3531
35,DAL,1493
35,CSX,1414
35,XOM,1134
35,ALGN,1921
35,DFS,658
35,DHI,3802
35,MCK,1126
35,INCY,4446
35,CMS,1627
35,CDNS,2901
35,LW,3952
35,RF,3970
35,KR,3107
35,CAG,1105
35,RVTY,3584
35,NTRS,1271
36,POOL,4772
36,INVH,4943
36,CVS,1701
36,ADSK,2556
36,TT,2810
36,DLR,2902
36,PGR,4898
36,GD,1854
36,ELV,2903
36,AJG,4521
36,BRO,4773
36,APD,2272
36,STE,4319
36,META,1071
36,PCAR,3791
36,AFL,2091
36,UDR,2757
36,SPGI,3941
36,FDS,1626
36,EBAY,2071
36,ALLE,2483
36,NDSN,2383
36,EA,3454
36,AEP,4750
37,PAYC,4553
37,GLW,4089
37,FDS,2836
37,AZO,2918
37,LH,748
37,ADSK,1573
37,SBUX,4124
37,AMAT,725
37,VRTX,1871
37,HWM,4330
37,WYNN,665
37,LUV,2222
37,AEP,4970
37,UHS,3065
37,ANET,871
37,PARA,1745
37,SO,572
37,BBWI,1974
37,AMT,3162
37,VLO,2686
37,BIIB,3373
38,AMD,1283
38,PCAR,4709
38,FCX,4603
38,PTC,2175
38,MRO,1119
38,GPN,995
38,HST,1669
38,NVDA,3286
38,XOM,598
38,NEM,3939
38,STZ,4785
38,AFL,757
38,MGM,2647
38,HUM,907
38,RMD,4942
38,MU,920
38,XYL,1667
38,TGT,1791
38,GLW,2936
38,AME,4404
38,MTCH,4105
38,CBOE,1415
38,KIM,2129
38,YUM,3645
38,APD,4864
38,ABT,3622
38,C,1965
38,OTIS,2042
38,CLX,4654
38,GPC,4010
39,DHR,4727
39,COST,4789
39,VST,2578
39,MPWR,2337
39,META,1493
39,WEC,3954
39,LMT,2531
39,VTRS,2751
39,CDW,1626
39,AES,4121
39,KO,2318
39,CLX,3081
39,VLO,1912
39,T,929
39,ULTA,2219
39,HON,4650
39,TMO,658
39,AKAM,1820
39,CTAS,576
39,IFF,2564
39,VTR,1177
39,MRNA,3674
39,NTRS,3566
39,MHK,3775
39,CPT,1010
40,CSX,4010
40,MCHP,2373
40,BR,2151
40,GEHC,4240
40,AXP,4738
40,CTAS,1924
40,IP,2048
40,LHX,3805
40,J,931
40,AVGO,1975
40,DVN,3990
40,EFX,1753
40,VTRS,3097
40,VRTX,768
40,FMC,3214
40,ANSS,2220
40,DIS,960
40,LYV,1627
40,PLD,716
40,COO,2416
40,EOG,2157
40,CARR,1913
40,AMAT,3856
41,ADP,2117
41,TTWO,2958
41,CL,4871
41,GL,508
41,BBWI,2439
41,ALGN,4042
41,SWK,3963
41,SMCI,3041
41,VICI,3771
41,GOOGL,812
41,TGT,4604
41,STT,4396
41,NVDA,2494
41,CCL,987
41,EIX,2211
41,NTAP,2888
41,CBRE,4590
41,CHD,1155
41,ADBE,3463
41,JPM,4226
41,BEN,2260
41,MDT,4442
41,BMY,1765
41,VZ,2374
42,PHM,3776
42,CRM,3488
42,COR,1843
42,PH,2197
42,PRU,1186
42,ELV,585
42,PYPL,4060
42,HOLX,1157
42,MNST,4290
42,AFL,4445
42,O,2663
42,CF,3887
42,NKE,832
42,NWS,4385
42,CL,3594
42,HST,3043
42,AVB,1989
42,WMB,2117
42,AAL,3553
42,MAA,2337
42,LYV,4413
42,BKNG,2191
43,MRNA,1701
43,NI,753
43,CVX,4716
43,MTD,2706
43,BAX,1613
43,XYL,2646
43,CTVA,1553
43,AMCR,1387
43,NFLX,3819
43,PKG,2270
43,DVN,4572
43,UNH,1633
43,WM,2053
43,FDS,1061
43,ROK,1741
43,FSLR,3877
43,ITW,3293
43,DD,4033
43,LH,2972
43,GOOGL,4740
43,DHI,3660
43,BX,2476
43,CSCO,4249
44,KHC,4340
44,WST,2252
44,PM,3683
44,PGR,3619
44,CNC,2029
44,J,1821
44,UPS,507
44,MPWR,773
44,CMCSA,2413
44,REG,3942
44,EQT,1906
44,GRMN,2365
44,GOOG,1085
44,COR,2324
44,RJF,2583
44,UNP,1274
44,DVA,1699
44,ANSS,2675
44,GE,3743
44,HAS,1096
44,DUK,1280
44,AOS,2222
44,FTNT,4249
45,VRSK,2319
45,AMD,2371
45,EG,2730
45,CMCSA,3189
45,VMC,2721
45,MHK,1454
45,SHW,2146
45,CAT,911
45,AMCR,2702
45,AWK,3628
45,CB,3134
45,VTRS,4360
45,TAP,4630
45,BDX,3609
45,TER,3889
45,AMAT,790
45,PNR,1857
45,HRL,3865
45,PFG,4834
45,ES,4316
45,LMT,2406
45,BAX,4503
45,EFX,4483
45,MAA,1442
46,TROW,699
46,TSCO,2664
46,ALGN,1328
46,CF,2055
46,GOOG,972
46,VRSK,1866
46,XEL,2824
46,APD,2519
46,MRK,987
46,COF,2188
46,BAC,1847
46,LLY,2521
46,BSX,4816
46,XYL,1860
46,ILMN,2941
46,HUBB,1736
46,BMY,2612
46,TDY,610
46,MMM,1469
46,MTCH,4763
46,CPB,1738
46,ELV,3539
46,SCHW,3027
46,TMUS,2123
46,NTAP,2798
46,AVY,1613
46,WRB,4529
46,STX,2199
46,PFG,2014
47,PWR,2655
47,IT,4958
47,ADSK,4885
47,AXON,2599
47,PHM,2175
47,NUE,1014
47,AJG,4648
47,CI,3018
47,BKR,820
47,LIN,4709
47,REG,2003
47,ZBH,4496
47,KO,849
47,MKTX,1617
47,MCD,4920
47,LNT,3813
47,COF,3442
47,FMC,3650
47,BBY,968
47,NVDA,2656
47,GRMN,4343
48,APH,2990
48,FTNT,699
48,AEE,3608
48,OMC,3281
48,DRI,1385
48,ILMN,843
48,STE,1111
48,DPZ,4137
48,NRG,2932
48,CTSH,4192
48,ABBV,4596
48,JNJ,2116
48,WYNN,2694
48,ULTA,4380
48,LW,645
48,O,3283
48,HRL,4354
48,NWSA,1416
48,AVY,767
48,SO,1870
48,WY,4667
48,CTAS,2096
48,APTV,916
48,MHK,4174
48,WAT,4567
48,SHW,2173
48,STT,4512
48,KLAC,4538
49,BBWI,1532
49,AON,1879
49,MCHP,4586
49,PEG,1382
49,HD,2033
49,STLD,3349
49,APTV,2275
49,PFG,4822
49,KO,4393
49,EMR,1272
49,LHX,2364
49,DOW,3301
49,BR,3404
49,UPS,1716
49,AKAM,3534
49,REG,4074
49,PPG,3681
49,RL,3914
49,GEV,973
49,PLD,3213
50,CPB,1568
50,FANG,3390
50,PCG,3264
50,RSG,4817
50,AXP,4520
50,CI,3923
50,CTVA,2455
50,AMZN,2857
50,VST,726
50,TER,3750
50,IBM,521
50,NXPI,4613
50,SYY,3000
50,TSCO,1741
50,MHK,1707
50,EXPE,3447
50,DFS,2881
50,WMB,734
50,XOM,909
50,SWKS,2588
50,NI,2359
50,MA,1423
50,DLR,4209
50,WM,742
50,BXP,3304
50,AVB,2992
50,ESS,2330
50,TFC,2616
50,WAB,3293
51,GPN,1704
51,PGR,1581
51,BKR,665
51,CSGP,3855
51,LEN,4170
51,TDG,1042
51,SYY,1665
51,PFE,1828
51,TGT,1340
51,PAYX,1840
51,VZ,3736
51,EL,1830
51,AMD,1372
51,FCX,3621
51,PH,1532
51,NVDA,4372
51,ON,758
51,MSFT,822
51,KMI,2933
51,MPWR,4756
51,MKC,3299
51,FI,3447
51,RHI,2674
51,NFLX,2956
51,PEP,1934
51,CHD,2608
52,FTV,2538
52,GEV,888
52,APA,705
52,AME,4455
52,CHRW,4036
52,BX,935
52,LKQ,3964
52,CINF,2408
52,APH,2994
52,WBD,1052
52,GOOGL,4021
52,TJX,2121
52,CI,668
52,MKC,3957
52,DOW,3369
52,TECH,1032
52,ILMN,3574
52,MLM,1902
52,GRMN,3265
52,EL,4049
52,PODD,4441
52,HSY,1696
52,KO,3621
52,LMT,4178
52,AAL,4023
52,NFLX,1312
52,AXP,2040
52,OKE,2992
52,ODFL,4203
53,EXC,3962
53,RJF,2787
53,MLM,3257
53,NTRS,1801
53,KMI,1287
53,STX,3566
53,WAT,1443
53,FAST,1147
53,CCI,2770
53,VZ,4620
53,CI,1973
53,PCAR,4854
53,TRV,679
53,DPZ,1527
53,MMM,1884
53,BBWI,896
53,PPG,2427
53,STT,4610
53,VLTO,2530
53,FITB,1500
53,AIZ,860
53,MPWR,1906
53,AIG,4831
53,ACN,3486
54,HLT,4963
54,AVY,1762
54,V,3172
54,WBA,4814
54,BK,4370
54,GM,879
54,CL,4829
54,ALLE,1780
54,SWKS,1736
54,ETN,1361
54,MSI,3126
54,ON,3783
54,BEN,1550
54,BMY,1837
54,PG,2743
54,PPG,3770
54,BG,1957
54,TRMB,772
54,INVH,3256
54,LKQ,2355
54,CSX,1259
54,AME,893
54,VTR,1207
54,IVZ,3193
54,TSCO,1108
55,NEM,1702
55,SNA,2302
55,FICO,1718
55,NDSN,530
55,CDW,4634
55,AMD,3646
55,MTB,3263
55,DTE,4796
55,BIIB,2112
55,MTD,2525
55,ICE,1228
55,MAR,3295
55,AAPL,2883
55,DOC,3027
55,CPAY,4555
55,USB,2527
55,MCHP,989
55,HLT,2693
55,PCG,2740
55,BRO,2182
55,PHM,2954
55,EIX,2549
55,STX,2274
55,STE,4960
55,TRMB,2593
55,TYL,2356
55,QRVO,1423
55,MCK,1696
56,DLR,501
56,GL,1530
56,DD,4333
56,A,1968
56,LDOS,4442
56,FE,1996
56,MAS,1434
56,JBL,4375
56,TSCO,2828
56,DOV,4449
56,UBER,1759
56,VICI,4198
56,XYL,4280
56,WST,4807
56,EW,742
56,MSCI,1466
56,LIN,4412
56,SBAC,511
56,CTSH,1383
56,DFS,3041
56,PCG,2020
56,ABT,1307
56,DTE,4642
56,GOOG,650
56,PARA,3094
56,EVRG,3158
56,MKC,1071
56,BXP,4115
56,MA,2689
56,IR,3471
57,CHD,3390
57,MRO,3711
57,HBAN,3369
57,FICO,4459
57,STE,2687
57,HST,1089
57,UPS,4409
57,DHR,3027
57,ATO,654
57,CAT,1630
57,SRE,691
57,ZTS,3819
57,WFC,2429
57,ADI,4488
57,DRI,4307
57,LIN,3028
57,AVB,3913
57,IEX,571
57,ILMN,3968
57,AMCR,776
57,WM,1220
58,BSX,2845
58,LYV,1485
58,HWM,3970
58,HBAN,1270
58,MRO,1525
58,GLW,1463
58,WY,3766
58,CDNS,4751
58,DLTR,2559
58,TXT,3771
58,EMN,4948
58,PPG,3193
58,AOS,4013
58,FICO,2141
58,ACGL,1176
58,AEP,3342
58,IEX,1440
58,DPZ,2640
58,GRMN,593
58,DVA,4295
58,EVRG,1744
58,MAS,2115
58,AMT,2688
59,GM,2549
59,HAL,3697
59,STX,4579
59,NFLX,3102
59,HST,1812
59,GWW,3704
59,NVR,3707
59,BAX,1980
59,MPWR,2202
59,AIG,2693
59,PH,2519
59,BRO,3239
59,NDAQ,4735
59,CPB,3116
59,PHM,2475
59,SRE,1964
59,AMD,1088
59,ENPH,4053
59,FCX,4041
59,ARE,1411
59,CPAY,2131
59,NKE,1929
59,DG,3619
59,TXT,3318
59,NWSA,3017
60,RJF,1544
60,AVB,2957
60,APTV,1639
60,DPZ,1103
60,BK,2725
60,QCOM,990
60,NOW,1563
60,COP,2992
60,ROK,1861
60,VST,507
60,MRNA,1090
60,EXR,2625
60,KR,2725
60,VTR,3811
60,MU,2535
60,TRV,3684
60,NDAQ,1280
60,NWS,3600
60,UNH,845
60,DOC,3247
60,WAB,4709
60,EXC,1799
60,TJX,2795
60,ETSY,1714
61,VLO,4150
61,HCA,2638
61,VTR,2203
61,ALLE,3868
61,TSCO,4346
61,MSI,4076
61,HUBB,2411
61,SWKS,4503
61,IFF,4913
61,EPAM,2363
61,ORCL,2673
61,BLDR,2142
61,IPG,3113
61,APTV,708
61,RJF,506
61,HPE,3002
61,ALL,3945
61,ECL,1003
61,CSCO,3748
61,WY,4070
61,VLTO,1666
61,MRNA,4596
61,ULTA,3462
61,JBL,2093
61,HIG,3485
61,F,2748
61,UBER,1520
61,NFLX,2699
62,PAYC,4702
62,CTSH,1735
62,CLX,1107
62,NXPI,4890
62,LOW,2085
62,TYL,1434
62,CMA,3252
62,VLTO,1312
62,JBL,4691
62,XOM,570
62,AMGN,1732
62,ABBV,3522
62,GM,738
62,LULU,2478
62,DOC,3789
62,LUV,4877
62,DPZ,4991
62,FICO,3881
62,CEG,4386
62,AIG,2669
62,MLM,911
62,HIG,2679
62,WDC,4619
62,LKQ,4645
62,CSGP,1803
62,ADBE,4004
62,CE,1678
63,F,4794
63,FDX,825
63,IVZ,2040
63,LKQ,1301
63,FTV,3199
63,FICO,4603
63,DRI,3519
63,GE,4442
63,ABBV,2176
63,CME,2540
63,ULTA,2274
63,CPB,4370
63,XEL,1094
63,QRVO,813
63,LH,4033
63,URI,2773
63,CL,900
63,TPR,3700
63,PAYX,3062
63,SPG,1377
63,CRM,2775
64,STLD,3166
64,AES,4977
64,SWKS,1066
64,D,3503
64,DG,1978
64,FAST,1876
64,ITW,3861
64,WMB,3455
64,AMAT,4737
64,EQT,3992
64,CSGP,1389
64,FSLR,1572
64,GD,1049
64,CAT,3196
64,FANG,3500
64,HLT,4774
64,AMP,3413
64,TRV,3879
64,STE,2406
64,DPZ,1132
64,DFS,1938
64,SOLV,2110
64,NDAQ,3193
64,STT,1912
64,UPS,3826
64,LOW,4936
64,ON,2376
64,EVRG,4882
65,EIX,524
65,CME,771
65,SJM,3721
65,IEX,2960
65,CPT,1777
65,AON,1285
65,AFL,4512
65,VRSN,2133
65,ELV,2526
65,CRL,2823
65,WMT,2656
65,SWKS,4333
65,MRNA,3842
65,XYL,1210
65,JBHT,4816
65,MMC,3074
65,NOW,2433
65,ENPH,1753
65,KR,1732
65,XEL,2794
65,VRSK,557
65,SRE,4884
65,IR,1350
65,LOW,2754
65,TPR,4692
65,LUV,654
66,FI,3467
66,CMS,780
66,NEM,1211
66,ABBV,4754
66,BK,2272
66,ORLY,3753
66,ETSY,1738
66,PEG,1290
66,AMGN,4676
66,ROST,3962
66,COP,3660
66,ON,3540
66,TECH,2281
66,DOV,2507
66,MA,2566
66,GRMN,3820
66,JBL,2952
66,CHD,3012
66,TMO,4588
66,TFC,1618
66,TMUS,1613
66,CE,1100
66,PFE,2544
66,GM,609
67,PARA,2969
67,PPG,2965
67,NXPI,3809
67,PHM,2688
67,BIIB,3183
67,APD,4591
67,AKAM,3347
67,HAS,4325
67,EXR,762
67,BSX,1105
67,TYL,570
67,NTRS,1256
67,CPB,1721
67,AIG,2251
67,CVS,2072
67,BAX,2514
67,AEP,3779
67,WRK,4012
67,MHK,3547
67,WMT,3598
67,PCAR,1093
67,HWM,736
67,CI,4166
68,META,1814
68,FICO,1869
68,MET,2170
68,WDC,1307
68,FSLR,3093
68,PRU,1367
68,ROL,1190
68,DVA,2889
68,FMC,2035
68,LKQ,2039
68,MSI,1023
68,INTU,3020
68,ETSY,3192
68,F,4794
68,EIX,4282
68,CEG,3629
68,VLTO,2006
68,NSC,2779
68,DAL,3411
68,HUBB,3402
68,DXCM,1334
68,CZR,4300
68,ISRG,3171
68,AMAT,864
68,GWW,4561
68,GPN,4638
68,FRT,1401
68,LW,4032
69,WBD,2900
69,KR,2977
69,APTV,1154
69,JKHY,4970
69,CTSH,4791
69,TDY,2820
69,ZBRA,4713
69,PFE,3524
69,EQT,3236
69,CMI,1080
69,LEN,4039
69,XOM,650
69,HPQ,3822
69,LOW,1922
69,SLB,2919
69,TSCO,958
69,NEM,2366
69,PLD,2304
69,MMC,1855
69,MCD,2251
69,MHK,4430
69,EQR,611
69,FFIV,4344
69,VLO,3016
69,MCO,1831
70,TGT,2402
70,WRB,2357
70,CMS,1330
70,ISRG,4691
70,MRO,1108
70,WAB,3859
70,REGN,4205
70,ETSY,2009
70,GPC,2397
70,ARE,2114
70,LIN,2607
70,CSCO,3958
70,BG,1514
70,BAX,1743
70,BEN,3937
70,FSLR,3433
70,XOM,3348
70,HPE,3185
70,EG,583
70,AMGN,1899
70,RJF,4057
70,SRE,2692
70,VRSN,3284
71,BX,1068
71,CF,4204
71,CVS,2098
71,HAS,1977
71,TMUS,3779
71,BF-B,2774
71,F,1942
71,TDY,1173
71,TSLA,4117
71,DTE,1932
71,NTRS,1951
71,HD,977
71,PLD,1660
71,BAC,2254
71,SHW,2081
71,MCD,553
71,MLM,1036
71,URI,4743
71,VRSK,1027
71,LVS,4264
71,DOW,4698
71,KLAC,2197
71,RF,4727
71,VLO,3840
71,PM,4929
71,MSI,1983
71,LKQ,1515
72,JCI,4660
72,GWW,1428
72,SBUX,4291
72,LYB,746
72,MCHP,3367
72,NEM,690
72,IDXX,1838
72,PG,2401
72,FMC,1054
72,TT,1903
72,WM,4792
72,CCI,746
72,SMCI,3595
72,SWKS,958
72,CAG,4834
72,ADI,1699
72,REGN,2308
72,JNJ,3120
72,CRL,2657
72,WY,3724
72,GOOGL,2066
72,BWA,1656
72,ALL,4908
72,DGX,2247
72,ADBE,4709
72,SNA,780
72,AVGO,3758
72,MGM,1439
72,RSG,2959
72,IT,661
73,INCY,1503
73,MO,2378
73,PPG,1632
73,DOW,4742
73,VRSN,4918
73,GM,4798
73,AMGN,1998
73,MNST,1917
73,AMCR,2078
73,AZO,2504
73,EA,2510
73,ABT,3000
73,TRGP,1766
73,TFC,3841
73,JBHT,2012
73,GLW,3011
73,CAG,2450
73,IRM,3641
73,INTU,818
73,ORCL,1386
73,WBD,4687
74,SBAC,2479
74,JKHY,4152
74,FITB,3019
74,MKC,2990
74,JBL,4247
74,PPL,3463
74,TEL,2194
74,GIS,3448
74,SCHW,3937
74,CDW,1541
74,EPAM,731
74,VRSN,2774
74,WYNN,664
74,ULTA,1768
74,WST,2692
74,WTW,3371
74,MHK,3608
74,PCAR,4242
74,BMY,2721
74,WMT,2334
74,LW,1523
74,BG,3339
74,BDX,3289
74,EQT,3646
74,COR,2115
74,EXPE,1333
74,LYV,2136
74,NEE,4097
74,C,3709
75,MCK,4849
75,EPAM,4073
75,PFE,898
75,HCA,2408
75,CLX,4411
75,CTRA,899
75,PFG,4416
75,ADM,3816
75,COST,3296
75,PPG,2641
75,WBA,736
75,PYPL,1014
75,ES,1236
75,GL,1940
75,ECL,2419
75,ADSK,768
75,CTLT,2091
75,FDS,3458
75,APD,1699
75,CPRT,1138
75,MSI,3842
75,EFX,2887
75,GLW,3776
75,PNW,3474
76,CINF,4316
76,BWA,925
76,ADBE,4215
76,DLR,592
76,COP,1395
76,FFIV,4637
76,RJF,4281
76,PWR,1378
76,ACN,503
76,MPWR,1560
76,RVTY,3941
76,VST,4520
76,MAA,4431
76,TMUS,3537
76,LIN,4513
76,FCX,1922
76,ELV,3264
76,XOM,694
76,PGR,2085
76,LMT,2635
76,MAS,1721
76,DD,4294
76,RL,2130
76,F,2450
76,SCHW,4676
76,CSCO,4898
76,ES,1334
77,GIS,1110
77,MSCI,604
77,AEP,1563
77,META,2428
77,APD,2828
77,PG,3630
77,UNH,1666
77,QCOM,1383
77,A,1758
77,EW,3744
77,WRB,2905
77,TRGP,3512
77,BWA,1862
77,RL,4703
77,VTR,4736
77,FI,4957
77,COO,3777
77,MS,1497
77,CNC,4172
77,CAG,1782
77,HON,3857
77,REG,4990
77,GEN,1117
77,GOOG,2294
78,AAPL,3170
78,COR,2934
78,CNC,3785
78,DD,1423
78,ROK,4398
78,ORCL,2722
78,MCK,2593
78,HON,2758
78,JNJ,4282
78,MS,2048
78,WST,735
78,LMT,4617
78,HAS,592
78,TGT,2657
78,WMB,2703
78,ABNB,4227
78,PARA,4759
78,DE,3738
78,SNA,2440
78,ABBV,4815
78,ITW,3628
78,CNP,3452
78,WDC,795
78,CL,2614
78,TECH,773
79,EMR,4670
79,ADI,4462
79,OXY,1128
79,MKC,849
79,TSN,2149
79,GLW,1353
79,JCI,2251
79,AMT,3591
79,PPG,4831
79,HPE,1703
79,AMGN,3538
79,TAP,1975
79,AMAT,1264
79,O,2197
79,FRT,3181
79,CTAS,1626
79,PNC,1968
79,KEY,2596
79,CVX,2868
79,ADM,2562
79,CMCSA,3100
79,PSX,767
79,CLX,2500
79,HWM,2576
79,WMB,4240
79,MGM,2974
79,ITW,1676
79,FDS,1413
80,CSX,4829
80,MKTX,2896
80,HSY,2173
80,NTAP,3643
80,MDLZ,1918
80,LNT,1596
80,DLR,1496
80,ORLY,2289
80,NKE,3180
80,MPWR,1504
80,NXPI,2283
80,FFIV,2166
80,TDG,4565
80,VLO,4631
80,COP,2087
80,PGR,4377
80,POOL,4684
80,ROP,3613
80,SBUX,2303
80,STX,2322
80,CL,1052
80,SWK,605
80,VTR,2268
80,AMGN,705
80,JNJ,2937
80,ADBE,3519
80,PTC,4418
80,UAL,3339
80,SPG,3362
81,K,1968
81,GLW,4304
81,AMD,3650
81,EQT,953
81,HRL,3572
81,FMC,965
81,CPB,3156
81,DHR,4245
81,PWR,1713
81,EL,2750
81,EXC,3231
81,ANSS,3578
81,NVDA,4340
81,PHM,2045
81,CINF,2573
81,BRK-B,2313
81,DVA,4856
81,STX,1126
81,AMGN,626
81,REG,4709
81,TMUS,887
81,AVY,1018
82,ZBRA,1727
82,MSFT,4925
82,UPS,1403
82,DRI,2416
82,MMM,1223
82,ADP,2017
82,BA,1297
82,JNJ,3464
82,GRMN,987
82,GIS,2762
82,CVS,3878
82,MTD,1428
82,VMC,2010
82,PH,1891
82,CME,1766
82,ETR,1517
82,HSIC,4781
82,ROL,4049
82,MAR,3463
82,A,3873
82,UNH,2319
82,CPRT,3268
82,SLB,4453
82,BALL,4356
82,STT,3556
83,WRK,1156
83,BR,3573
83,AMD,2120
83,DVA,4540
83,IFF,728
83,KLAC,531
83,LDOS,722
83,DTE,1154
83,GOOGL,4453
83,WELL,3944
83,PSX,1845
83,BXP,3973
83,DPZ,3555
83,WMB,1180
83,HLT,4876
83,MMM,1349
83,XYL,3330
83,CTLT,3254
83,DUK,2914
83,COR,1378
83,ATO,3953
83,CHTR,1590
83,HD,3983
83,ZBRA,1988
83,WAB,1750
84,REGN,3837
84,DFS,2090
84,DXCM,4097
84,IEX,681
84,AON,2136
84,CL,887
84,TSLA,4668
84,T,2182
84,UBER,1865
84,ROL,4663
84,ATO,4808
84,MOH,4981
84,EMR,3352
84,CHRW,700
84,ORCL,3731
84,BRK-B,2669
84,UPS,2993
84,NOC,981
84,PEG,4450
84,LLY,3490
84,PFG,2080
84,HRL,2937
84,WTW,1251
84,CFG,4667
85,C,3354
85,TECH,710
85,HWM,1994
85,URI,2656
85,TSN,1260
85,CL,2638
85,FRT,4183
85,NDSN,3697
85,DIS,1608
85,ACGL,3406
85,MDT,3788
85,IR,1130
85,WRB,1468
85,LW,1663
85,HPE,3777
85,PYPL,786
85,WY,2035
85,DLTR,4615
85,PARA,4851
85,XOM,603
85,YUM,1186
85,BRK-B,4262
85,PPL,2946
85,NUE,2052
85,ANET,1813
85,MCHP,1345
85,ORLY,1842
86,BX,4992
86,DLTR,2680
86,GEHC,2079
86,ORLY,1180
86,DECK,572
86,EQIX,2629
86,GPC,990
86,WFC,1978
86,VST,1244
86,MAR,1199
86,AZO,2192
86,EMN,1004
86,MGM,4482
86,HUBB,4593
86,CARR,1367
86,OMC,4942
86,BALL,2341
86,BG,4207
86,CTRA,4854
86,CF,4500
86,ACGL,658
86,WYNN,516
86,HOLX,3128
86,EQT,1048
86,CZR,1849
87,MPC,3204
87,HWM,2543
87,EA,599
87,HAL,2894
87,EXPD,3581
87,PPG,518
87,PLD,1263
87,RTX,3328
87,EXR,3041
87,MSFT,815
87,CF,2516
87,HOLX,1240
87,ROP,2919
87,DGX,2120
87,LW,1271
87,NEM,1708
87,AFL,1571
87,BRK-B,1619
87,FFIV,2679
87,BBWI,2455
87,GS,798
87,TEL,2181
87,HBAN,1565
87,PAYX,2131
87,MOH,1551
87,ADI,3698
87,AKAM,908
88,BBWI,1590
88,CMCSA,2993
88,CTSH,4932
88,EL,3297
88,MCK,4088
88,IVZ,4228
88,CRM,1818
88,PWR,523
88,MTCH,2635
88,AVB,4063
88,VLTO,4762
88,YUM,592
88,KVUE,1022
88,GL,1666
88,AES,569
88,NSC,993
88,FMC,3665
88,CNP,3711
88,HSY,3203
88,MA,1889
88,GOOG,2577
88,IQV,4863
88,APD,3319
88,SMCI,2556
88,HIG,4076
88,GILD,2382
88,COST,2464
88,CHTR,1101
88,ABNB,3643
88,BAC,645
89,FTNT,2079
89,FICO,1664
89,VLO,1013
89,NOW,1068
89,BR,2572
89,MMM,2108
89,IRM,1313
89,PG,1602
89,MTD,4538
89,MO,4216
89,NTAP,1178
89,SOLV,2217
89,TEL,4525
89,CMCSA,2597
89,MMC,2595
89,CE,4954
89,AAL,1279
89,GRMN,4273
89,RL,3896
89,ZTS,4421
89,WRK,4935
89,PPG,1558
89,SNPS,4580
90,GPC,4083
90,EG,4733
90,MOH,604
90,PANW,1989
90,HON,2836
90,MPWR,2011
90,FCX,3195
90,ACN,663
90,CINF,4134
90,JPM,4108
90,CPAY,2464
90,MOS,4559
90,META,736
90,MRNA,4153
90,FAST,4139
90,MAS,4207
90,STE,4468
90,NDSN,3186
90,VRSN,1279
90,LKQ,905
90,PNC,830
90,CLX,4666
90,PCAR,4156
91,TJX,1733
91,JBL,2009
91,MRNA,2700
91,POOL,3971
91,LVS,2523
91,FOXA,2722
91,MET,4467
91,ED,4819
91,MKC,3730
91,KO,4370
91,MGM,4315
91,JKHY,1254
91,WY,2509
91,SNPS,3784
91,QCOM,4498
91,HPQ,1523
91,PARA,501
91,UBER,2061
91,GPC,560
91,CMA,4361
91,AME,3890
91,DVA,4944
92,COO,4613
92,PLD,4441
92,AMP,3569
92,DLTR,649
92,MRK,1497
92,DAY,2283
92,ALGN,1489
92,NKE,1089
92,LYB,2795
92,LVS,3218
92,EBAY,2091
92,SWKS,2112
92,PCG,4750
92,LULU,4973
92,WM,3963
92,CFG,4338
92,XOM,4113
92,TEL,968
92,ACN,511
92,BKR,2778
92,WST,3780
93,XOM,3182
93,CRM,2299
93,ES,2403
93,ROL,2891
93,IPG,3250
93,ISRG,3946
93,EW,3360
93,TT,3535
93,EVRG,3666
93,EG,3583
93,SBUX,3371
93,IRM,2303
93,PCG,2322
93,GM,824
93,DGX,2782
93,CPAY,3273
93,ADBE,3519
93,IDXX,1347
93,DHR,2855
93,RHI,2494
93,PAYC,2793
93,NTAP,2738
93,ICE,3758
93,MU,2154
93,NRG,1255
93,FDX,3468
93,NEE,1057
93,DE,2081
94,CE,840
94,VRTX,2027
94,PPL,4145
94,YUM,1127
94,ZBH,2888
94,MAR,2112
94,HUBB,1238
94,COR,762
94,ADSK,1861
94,HSY,3341
94,NUE,2850
94,PFG,3145
94,ULTA,2314
94,CEG,2607
94,GM,3115
94,ICE,3832
94,MET,2683
94,AON,2040
94,LYV,3468
94,L,535
94,KDP,1406
94,FOXA,2098
94,DE,3960
94,STZ,1164
94,SPG,1083
94,EA,4698
94,UPS,1726
94,RTX,1395
95,AJG,4426
95,KMI,1949
95,OTIS,2994
95,ILMN,1038
95,EIX,2318
95,TSCO,4073
95,LHX,2592
95,WMB,3941
95,UNP,4637
95,XOM,1652
95,STT,2107
95,HES,3442
95,DAY,4821
95,TER,1509
95,BAC,4444
95,AMT,3247
95,SHW,3478
95,PLD,3115
95,HOLX,3696
95,GE,3768
95,AEP,2377
95,LYB,3261
95,CPAY,2130
95,ULTA,1415
95,WAT,913
95,WDC,3042
95,TRV,902
95,DG,3813
96,ORCL,3837
96,CAG,819
96,NTRS,1831
96,MTCH,2196
96,NWSA,4061
96,EQT,3964
96,TT,1739
96,CPRT,1884
96,FFIV,2796
96,EXC,1816
96,CCL,3875
96,ISRG,2073
96,ILMN,981
96,ALLE,1599
96,DOW,1285
96,CSX,3578
96,ENPH,1674
96,ADI,3329
96,BRO,2428
96,DHR,3218
96,NKE,2838
96,MPWR,4342
96,PEP,3529
97,MCD,2824
97,CINF,3103
97,ES,1355
97,ATO,4501
97,CEG,2246
97,HPE,997
97,CTVA,1643
97,SYY,2135
97,ELV,4957
97,FTNT,729
97,TJX,945
97,HUM,4783
97,MTB,666
97,MRNA,1809
97,PTC,2212
97,WST,4569
97,SBAC,3208
97,BKR,2845
97,DPZ,4877
97,MCHP,2888
97,PFG,4467
97,URI,2077
97,EQT,3814
97,TSCO,3702
97,KO,1024
97,GILD,1124
98,MTCH,1930
98,URI,751
98,DVA,763
98,MSFT,1968
98,ZTS,4761
98,DTE,2012
98,BA,3923
98,GS,1336
98,ALLE,2070
98,AMP,4249
98,CVX,1191
98,KLAC,1691
98,HSIC,4625
98,CMG,3001
98,MRK,684
98,GEV,2274
98,RL,4093
98,MAR,4884
98,BBWI,4566
98,HII,3544
99,WRB,4586
99,LIN,4417
99,GD,3185
99,FSLR,2860
99,MMC,1154
99,CI,4710
99,ECL,2654
99,WST,3083
99,MAA,723
99,HD,3521
99,WRK,3165
99,PODD,2706
99,QCOM,4723
99,OMC,1997
99,NOW,3216
99,QRVO,1767
99,SBAC,3388
99,HAS,1213
99,BR,4905
99,VLTO,2864
99,MTCH,984
99,HAL,2496
99,STZ,2524
99,GILD,952
99,CMA,2447
99,FITB,1262
